council_key,short_name,long_name,status,is_active,council_category,council_type,official_name,spatial_name,spatial_key,map_join_key,lga_code,abs_lga_code,abs_lga_code_2025,abs_lga_name_2025,abs_area_albers_sqkm,abs_shape_area,abs_shape_length,abs_join_method,state,polygon_record_count,office_township,office_address,office_lat,office_lon,office_geocoded,vif_metropolitan_region,vif_regional_partnership,vif_region_note,vec_electoral_structure,vec_ward_count,vec_councillor_count,vec_source_url,lgprf_latest_year,lgprf_group,lgprf_expenses_per_head,lgprf_infrastructure_per_head,lgprf_population_density_per_road_length,lgprf_own_source_revenue_per_head,lgprf_recurrent_grants_per_head,lgprf_relative_socioeconomic_disadvantage,lgprf_staff_turnover_pct,lgprf_average_rate_per_property_assessment,lgprf_satisfaction_consultation,lgprf_councillor_attendance_pct,lgprf_cost_elected_representation,lgprf_satisfaction_council_decisions,lgprf_adjusted_underlying_result_pct,lgprf_asset_renewal_upgrade_to_depreciation_pct,lgprf_satisfaction_sealed_local_roads,lgprf_rates_to_adjusted_underlying_revenue_pct,lgprf_rates_to_property_values_pct,governance_latest_year,governance_item_count,governance_yes_count,governance_no_count,governance_yes_pct,vgccc_year,vgccc_region,vgccc_lga_code,vgccc_net_expenditure,vgccc_seifa_dis_score,vgccc_seifa_dis_rank_state,vgccc_seifa_dis_rank_country,vgccc_seifa_dis_rank_metro,vgccc_seifa_advdis_score,vgccc_seifa_advdis_rank_state,vgccc_seifa_advdis_rank_country,vgccc_seifa_advdis_rank_metro,vgccc_adult_population_2024,vgccc_adults_per_venue_2024,vgccc_egms_per_1000_adults_2024,vgccc_expenditure_per_adult_2024,vgccc_workforce_june_2024,vgccc_unemployed_june_2024,vgccc_unemployment_rate_june_2024,has_abs_asgs,has_lgprf,has_governance,has_vec,has_vgccc
ALPINE,Alpine,Alpine Shire Council,active,True,Small shire,shire,ALPINE SHIRE,Alpine,ALPINE,ALPINE,300,20110,20110,Alpine,4788.157,7492619990.977866,557328.1368325942,code,VIC,1,Bright,"2 Churchill Ave, Bright VIC 3741",-36.7301603,146.9700165,yes,,Ovens Murray,,unsubdivided,0,7,https://www.vec.vic.gov.au/electoral-boundaries/local-councils/alpine-shire-council,2024-25,Small Shire,3362.3001742556253,20490.264413970755,22.6786941580756,2106.6747480869763,787.0293204030609,7,0.13333333333333333,1945.2296819787987,46,0.945054945054945,42806.857142857145,45,-0.10519237952932387,1.4319210201563142,45,0.5638899265346782,0.0029337835731675166,24-25,27,27,0,1.0,2023-24,Country,C2,2877179.41,1027.612702,56,41,0,988.9270847,48,41,0,10930.962105969846,5465.481052984923,5.306028823238151,263.2137392946093,7351,130,0.01768466875255067,True,True,True,True,True
ARARAT,Ararat,Ararat Rural City Council,active,True,Small shire,rural_city,ARARAT RURAL CITY,Ararat,ARARAT,ARARAT,301,20260,20260,Ararat,4211.1172,6697545388.620692,490470.03611724207,code,VIC,1,Ararat,"59 Vincent St, Ararat VIC 3377",-37.2827999,142.9315566,yes,,Central Highlands,,unsubdivided,0,7,https://www.vec.vic.gov.au/electoral-boundaries/local-councils/ararat-rural-city-council,2024-25,Small Shire,3145.3876433339037,50762.87865822351,4.7620211898940505,1856.6660961834673,1138.7985623823379,2,0.17424242424242425,2001.8799516583858,59,0.9166666666666666,43567.71428571428,59,-0.003467103467103467,1.0074848949409325,56,0.49393939393939396,0.002680904368482771,24-25,27,26,1,0.963,2023-24,Country,C43,6256569.22,955.2148339,15,12,0,931.8990008,18,16,0,9808.851749039755,4904.425874519878,8.971488432233143,637.8492998033629,5869,258,0.0439597887203953,True,True,True,True,True
BALLARAT,Ballarat,Ballarat City Council,active,True,Regional,city,BALLARAT CITY,Ballarat,BALLARAT,BALLARAT,302,20570,20570,Ballarat,739.0321,1176005998.6301537,205526.91760020677,code,VIC,1,Ballarat,"25 Armstrong St S, Ballarat VIC 3350",-37.5631508,143.8562995,yes,,Central Highlands,,single-councillor wards,9,9,https://www.vec.vic.gov.au/electoral-boundaries/local-councils/ballarat-city-council,2024-25,Regional City,2063.1061544816193,16731.846344485748,79.25024878227623,1645.6092523750517,336.2494836844279,4,0.11322808927599347,2086.240696173278,48,0.9658119658119658,57586.112222222226,46,-0.027757887026017104,1.2018755436742834,40,0.6628517576565677,0.004250721890907648,24-25,27,27,0,1.0,2023-24,Country,C20,63550282.39,985.7093504,29,25,0,964.8076543,33,30,0,93882.28568082275,6705.8775486301965,6.944867130915875,676.9145204459094,60373,2816,0.04664336706806022,True,True,True,True,True
BANYULE,Banyule,Banyule City Council,active,True,Metropolitan,city,BANYULE CITY,Banyule,BANYULE,BANYULE,303,20660,20660,Banyule,62.5402,100154415.46591131,71990.0546523561,code,VIC,1,Greensborough,"1 Flintoff St, Greensborough VIC 3088",-37.704398,145.1046952220213,yes,Northern,,,single-councillor wards,9,9,https://www.vec.vic.gov.au/electoral-boundaries/local-councils/banyule-city-council,2024-25,Metro,1389.309563332348,6574.527593969575,241.91986797469514,1254.4132917964694,130.29538167678558,9,0.16666666666666666,1787.0701513067402,72,0.9851851851851852,69608.66666666667,71,0.005091434123464564,1.676568148783124,70,0.6560242304498157,0.0020237083985891104,24-25,27,26,1,0.963,2023-24,Metro,M15,58630345.089999996,1057.684713,71,0,25,1064.256909,67,0,20,103517.67800472579,11501.96422274731,6.1342179639212056,566.3800253259487,76607,2460,0.032111947994308616,True,True,True,True,True
BASS COAST,Bass Coast,Bass Coast Shire Council,active,True,Large shire,shire,BASS COAST SHIRE,Bass Coast,BASS COAST,BASS COAST,304,20740,20740,Bass Coast,865.8094,1416061796.8359847,360414.578430964,code,VIC,3,Wonthaggi,"76 McBride Ave, Wonthaggi VIC 3995",-38.6079912,145.5909666,yes,,Gippsland,,multi-councillor wards,3,9,https://www.vec.vic.gov.au/electoral-boundaries/local-councils/bass-coast-shire-council,2024-25,Large Shire,2616.135179190486,23886.516518584842,43.264531765266796,2080.1248938172967,343.3202470326239,5,0.183206106870229,1726.706282813131,51,0.9259259259259259,49977.21444444444,50,-0.06334275822811979,0.6585772157649642,52,0.7264540932971268,0.0029473756822330044,24-25,27,25,2,0.9259,2023-24,Country,C29,20621836.61,992.8285467,34,29,0,957.4960869,28,25,0,35498.937387709084,7099.787477541817,6.00017960181951,580.9141942693745,20107,661,0.03287412343959815,True,True,True,True,True
BAW BAW,Baw Baw,Baw Baw Shire Council,active,True,Large shire,shire,BAW BAW SHIRE,Baw Baw,BAW BAW,BAW BAW,305,20830,20830,Baw Baw,4027.6287,6494034537.323616,547341.212547244,code,VIC,1,Drouin,"33 Young St, Drouin VIC 3818",-38.1315637,145.8587819,yes,,Gippsland,,multi-councillor wards,3,9,https://www.vec.vic.gov.au/electoral-boundaries/local-councils/baw-baw-shire-council,2024-25,Large Shire,2035.522171068573,13901.058072853566,33.462162162162166,1406.0253614409173,345.800070753574,6,0.13509933774834437,2138.414776712649,42,0.9012345679012346,50628.34444444444,41,-0.11061505830199192,0.7829442841620143,36,0.6726938004014231,0.0030326077148303747,24-25,27,27,0,1.0,2023-24,Country,C6,20430795.160000004,1003.321525,42,35,0,971.1326956,38,35,0,48169.90612879206,12042.476532198016,4.940844172784113,424.14023198164654,32053,844,0.026331388637569026,True,True,True,True,True
BAYSIDE,Bayside,Bayside City Council,missing,False,Metropolitan,city,BAYSIDE CITY,Bayside,BAYSIDE,BAYSIDE,306,20910,20910,Bayside (Vic.),37.2111,59928111.04214558,42554.597379618586,code,VIC,1,Sandringham,"76 Royal Ave, Sandringham VIC 3191",-37.959498,145.0166229,yes,Inner South East,,,single-councillor wards,7,7,https://www.vec.vic.gov.au/electoral-boundaries/local-councils/bayside-city-council,2024-25,Metro,1613.7036129591586,7259.447030663978,281.48010610079575,1459.243483669123,242.40939331687366,10,0.13043478260869565,2085.534013036938,72,0.9319727891156463,64385.142857142855,69,0.07714071686867108,1.2247726705416682,69,0.6372381532359329,0.0013307754138105596,24-25,27,27,0,1.0,2023-24,Metro,M8,12380460.230000002,1090.406575,79,0,30,1127.126354,78,0,29,82672.82856997922,27557.609523326406,1.6692304156883728,149.75246939229183,59319,1227,0.020684772164062105,True,True,True,True,True
BENALLA,Benalla,Benalla Rural City Council,active,True,Small shire,rural_city,BENALLA RURAL CITY,Benalla,BENALLA,BENALLA,381,21010,21010,Benalla,2352.6398,3656208934.125453,356392.8285917781,code,VIC,1,Benalla,"1 Bridge St E, Benalla VIC 3672",-36.5518507,145.9821045,yes,,Ovens Murray,,unsubdivided,0,7,https://www.vec.vic.gov.au/electoral-boundaries/local-councils/benalla-rural-city-council,2024-25,Small Shire,2609.702767338572,24038.811069354288,10.85038552787663,1991.7321489579774,796.1735565425349,3,0.09252669039145907,2118.837209302326,49,1,39860,47,0.10834850819442499,0.667811512570408,45,0.5440537890460849,0.004185225314147818,24-25,27,27,0,1.0,2023-24,Country,C48,6307206.379999999,968.4478935,20,17,0,938.3979906,20,18,0,12121.883373608813,4040.6277912029377,8.662020311843703,520.3157121385732,7322,307,0.04192843485386506,True,True,True,True,True
BOROONDARA,Boroondara,Boroondara City Council,active,True,Metropolitan,city,BOROONDARA CITY,Boroondara,BOROONDARA,BOROONDARA,307,21110,21110,Boroondara,60.1776,96597718.1778804,60100.499834812035,code,VIC,1,,,,,missing,Inner South East,,,single-councillor wards,11,11,https://www.vec.vic.gov.au/electoral-boundaries/local-councils/boroondara-city-council,2024-25,Metro,1524.841580153701,7600.074153970608,271.45711017918416,1559.8175362905038,80.78850388746574,10,0.11478260869565217,2252.621368759669,59,0.9527272727272728,69215.9790909091,57,0.07727609580984886,1.2468091385288838,64,0.7531087889151024,0.0015375437978830215,24-25,27,27,0,1.0,2023-24,Metro,M12,18805362.94,1089.616442,78,0,29,1130.726944,80,0,31,140973.83395920836,35243.45848980209,1.1491494233382038,133.39612332201625,102280,3211,0.031394211967149005,True,True,True,True,True
BRIMBANK,Brimbank,Brimbank City Council,active,True,Metropolitan,city,BRIMBANK CITY,Brimbank,BRIMBANK,BRIMBANK,308,21180,21180,Brimbank,123.3991,197698259.03393653,86864.30461176264,code,VIC,1,Sunshine,"301 Hampshire Rd, Sunshine VIC 3020",-37.7831433,144.8320965712473,yes,Western,,,single-councillor wards,11,11,https://www.vec.vic.gov.au/electoral-boundaries/local-councils/brimbank-city-council,2024-25,Metro,1316.47422180952,11391.653881868464,216.08724100327154,1196.611692034398,177.54552061044046,1,0.1260245901639344,1846.7908393945352,74,0.8811188811188811,72969.54545454546,72,0.047862031207226936,0.8250503693754198,72,0.691683547768957,0.0030229560028489522,24-25,27,27,0,1.0,2023-24,Metro,M28,171667782.49,912.4696637,3,0,2,928.4203582,13,0,2,159547.55541161777,10636.50369410785,5.910463482609609,1075.9662349392518,107496,6340,0.058978938751209346,True,True,True,True,True
BULOKE,Buloke,Buloke Shire Council,active,True,Small shire,shire,BULOKE SHIRE,Buloke,BULOKE,BULOKE,309,21270,21270,Buloke,7998.247,12219496648.073372,684796.1446816738,code,VIC,1,Wycheproof,"367 Broadway, Wycheproof VIC 3527",-36.0751804,143.2251227,yes,,Mallee,,multi-councillor wards,3,6,https://www.vec.vic.gov.au/electoral-boundaries/local-councils/buloke-shire-council,2024-25,Small Shire,5956.514439220953,46323.371390194756,1.120602069614299,2998.8247145735395,2439.304902619208,3,0.23529411764705882,2140.4002501563477,43,0.9722222222222222,45639.166666666664,40,-0.024384609831805387,0.8406096897114861,37,0.4438316610120551,0.0030096702618497323,24-25,27,25,1,0.9259,2023-24,Country,C7,0,975.0490374,24,21,0,946.0568513,22,20,0,5012.069907313837,0,0,0,3269,95,0.02906087488528602,True,True,True,True,True
CAMPASPE,Campaspe,Campaspe Shire Council,active,True,Large shire,shire,CAMPASPE SHIRE,Campaspe,CAMPASPE,CAMPASPE,310,21370,21370,Campaspe,4519.073,6979766087.05929,667158.0270052806,code,VIC,1,Echuca,"2 Heygarth St, Echuca VIC 3564",-36.1238758,144.7516322,yes,,Loddon Campaspe,,unsubdivided,0,9,https://www.vec.vic.gov.au/electoral-boundaries/local-councils/campaspe-shire-council,2024-25,Large Shire,2948.9686263203416,18881.45099992137,9.488435712509325,2009.2522213194245,732.7602023431972,3,0.19435736677115986,2034.9051390679683,56,0.9920634920634921,75749.55555555556,52,-0.05407532321528949,0.9530188082819662,47,0.48231216038973207,0.00362648564434504,24-25,27,25,1,0.9259,2023-24,Country,C10,11094363.629999999,964.8686286,19,16,0,931.7649788,17,15,0,31136.53969672748,7784.13492418187,7.001420264529661,356.3133134914809,22473,295,0.013126863347127664,True,True,True,True,True
CARDINIA,Cardinia,Cardinia Shire Council,active,True,Interface,shire,CARDINIA SHIRE,Cardinia,CARDINIA,CARDINIA,311,21450,21450,Cardinia,1282.5671,2073503709.424929,268234.00861111743,code,VIC,1,Officer,"20–24 Siding Ave, Officer VIC 3809",-38.0657621,145.414022,yes,Southern,,,single-councillor wards,9,9,https://www.vec.vic.gov.au/electoral-boundaries/local-councils/cardinia-shire-council,2024-25,Interface,1377.4955323930267,17541.243873817904,78.21415716856629,1135.9609765076734,231.38752751509014,7,0.19385796545105566,1880.1664406590753,69,0.9444444444444444,60171.333333333336,65,-5.011331176604879e-05,1.2940978531529712,63,0.6915358616427144,0.002755593743390181,24-25,27,27,0,1.0,2023-24,Metro,M24,36831475.25000001,1020.955982,54,0,13,992.8915294,50,0,8,96787.03281573906,16131.17213595651,4.184444839537851,380.54142356155216,72377,2537,0.035052571949652514,True,True,True,True,True
CASEY,Casey,Casey City Council,active,True,Interface,city,CASEY CITY,Casey,CASEY,CASEY,312,21610,21610,Casey,409.4287,662300130.4238418,152833.6770186367,code,VIC,1,Narre Warren,"Magid Dr, Narre Warren VIC 3805",-38.01916900248092,145.2990651610576,yes,Southern,,,single-councillor wards,12,12,https://www.vec.vic.gov.au/electoral-boundaries/local-councils/casey-city-council,2024-25,Interface,1236.9029266307364,10599.622608931588,202.8089044522261,942.5008941455052,233.36087712590802,5,0.18803418803418803,1767.3788601727506,40,1,75630.46444444446,42,0.00762695596590628,0.6853274313240464,46,0.6386596030579067,0.0027529521708351315,24-25,27,27,0,1.0,2023-24,Metro,M23,158435289.13000003,994.6710391,36,0,6,986.3415394,44,0,7,298107.98315040383,22931.383319261833,3.0391671850763475,531.4694610176373,215866,10035,0.04648717259781531,True,True,True,True,True
CENTRAL GOLDFIELDS,Central Goldfields,Central Goldfields Shire Council,active,True,Small shire,shire,CENTRAL GOLDFIELDS SHIRE,Central Goldfields,CENTRAL GOLDFIELDS,CENTRAL GOLDFIELDS,313,21670,21670,Central Goldfields,1532.7843,2408115734.1551414,309548.7368744425,code,VIC,1,Maryborough,"22 Nolan St, Maryborough VIC 3465",-37.0510422,143.7404514,yes,,Loddon Campaspe,,single-councillor wards,7,7,https://www.vec.vic.gov.au/electoral-boundaries/local-councils/central-goldfields-shire-council,2024-25,Small Shire,2780.131133048475,30324.14910858995,10.347613965543529,1555.1053484602917,894.2831884485045,1,0.15047021943573669,1554.7420590223023,46,0.9285714285714286,38919.50571428571,46,-0.07056737588652483,0.6602763892972655,38,0.5173333333333333,0.0045025315011779764,24-25,27,27,0,1.0,2023-24,Country,C31,8278358.6899999995,897.5571127,2,1,0,867.2320061,1,1,0,11304.667984694159,5652.333992347079,8.757444281781654,732.2956057805854,5451,491,0.09007521555677857,True,True,True,True,True
COLAC OTWAY,Colac Otway,Colac Otway Shire Council,active,True,Large shire,shire,COLAC OTWAY SHIRE,Colac Otway,COLAC OTWAY,COLAC OTWAY,314,21750,21750,Colac Otway,3437.47,5613662157.216867,498263.61070875236,code,VIC,1,Colac,"2–6 Rae St, Colac VIC 3250",-38.3423085,143.5855096,yes,,Barwon,,unsubdivided,0,7,https://www.vec.vic.gov.au/electoral-boundaries/local-councils/colac-otway-shire-council,2024-25,Large Shire,3155.291479820628,22270.717488789236,13.687959935402649,2117.6233183856502,769.5067264573992,3,0.1925343811394892,2022.7923776310872,47,0.9540816326530612,67232.14285714286,44,-0.08038017442574623,0.8952755905511811,38,0.574745117307456,0.0030123191880193517,24-25,27,27,0,1.0,2023-24,Country,C18,7723366.709999999,972.58665,21,18,0,938.0508911,19,17,0,18133.30260063746,3626.660520127492,6.066186751669442,425.92168013169817,12067,227,0.01881163503770614,True,True,True,True,True
CORANGAMITE,Corangamite,Corangamite Shire Council,active,True,Large shire,shire,CORANGAMITE SHIRE,Corangamite,CORANGAMITE,CORANGAMITE,315,21830,21830,Corangamite,4407.492,7149248470.571054,716211.0761912572,code,VIC,1,Camperdown,"181 Manifold St, Camperdown VIC 3260",-38.2328448,143.1464174,yes,,Great South Coast,,single-councillor wards,7,7,https://www.vec.vic.gov.au/electoral-boundaries/local-councils/corangamite-shire-council,2024-25,Large Shire,4592.7678909503975,36771.67739492616,6.874620390455531,2427.0478354158777,1359.9646598510667,4,0.08087091757387248,2335.109591795697,54,0.9904761904761905,103824.73000000001,52,-0.17836498761354252,0.9809005818365798,42,0.42445880086138504,0.00255655331947213,24-25,27,27,0,1.0,2023-24,Country,C3,3785427.4899999993,984.5903646,26,23,0,954.628077,26,23,0,12836.10625978657,6418.053129893285,4.440598951612898,294.90465514913404,8710,136,0.015614236509758898,True,True,True,True,True
DAREBIN,Darebin,Darebin City Council,active,True,Metropolitan,city,DAREBIN CITY,Darebin,DAREBIN,DAREBIN,316,21890,21890,Darebin,53.4712,85634266.38813514,56481.465203046915,code,VIC,1,Preston,"274 Gower St, Preston VIC 3072",-37.74008705,145.00429285510103,yes,Northern,,,single-councillor wards,9,9,https://www.vec.vic.gov.au/electoral-boundaries/local-councils/darebin-city-council,2024-25,Metro,1325.719072535524,7469.933672161687,255.53194888178913,1191.3192425748452,139.04465407625514,7,0.13275299238302501,1764.0746046906506,68,0.9417989417989417,76129.44444444444,70,0.02882396043231361,0.7223280738314974,69,0.7162026012090127,0.002221984980637516,24-25,27,27,0,1.0,2023-24,Metro,M11,84552235.28,1018.342368,52,0,11,1044.196002,61,0,15,131191.70150156828,11926.51831832439,5.442417407715874,644.4937775198323,96257,4902,0.050926166408676775,True,True,True,True,True
EAST GIPPSLAND,East Gippsland,East Gippsland Shire Council,active,True,Large shire,shire,EAST GIPPSLAND SHIRE,East Gippsland,EAST GIPPSLAND,EAST GIPPSLAND,319,22110,22110,East Gippsland,20939.5016,33220913338.678112,1098795.650012575,code,VIC,1,Bairnsdale,"273 Main St, Bairnsdale VIC 3875",-37.8276507,147.625179,yes,,Gippsland,,unsubdivided,0,9,https://www.vec.vic.gov.au/electoral-boundaries/local-councils/east-gippsland-shire-council,2024-25,Large Shire,2974.3589743589746,23900.424978141076,16.387537487504165,2082.8809044510867,713.678602655605,3,0.1323426979335965,1806.872852233677,46,0.9925925925925926,53184.77777777778,47,-0.036382057658653405,1.077876608629826,40,0.5152294513996641,0.0037039966745526006,24-25,27,27,0,1.0,2023-24,Country,C28,30377352.319999997,963.3117284,18,15,0,930.853683,15,13,0,41173.41176982487,4117.341176982487,8.063456141453788,737.7905064030405,23235,1157,0.04979556703249408,True,True,True,True,True
FRANKSTON,Frankston,Frankston City Council,active,True,Metropolitan,city,FRANKSTON CITY,Frankston,FRANKSTON,FRANKSTON,320,22170,22170,Frankston,129.5981,209812602.80858108,64612.130746349096,code,VIC,1,Frankston,"30 Davey St, Frankston VIC 3199",-38.1470289,145.12259484230884,yes,Southern,,,single-councillor wards,9,9,https://www.vec.vic.gov.au/electoral-boundaries/local-councils/frankston-city-council,2024-25,Metro,1655.8033399024998,8542.668464543789,210.01306999709556,1368.2882135324828,188.37603291498115,6,0.11271133375078271,1795.0288517912797,70,0.954248366013072,70204.22222222222,70,-0.046226307924884434,0.7988389583529191,70,0.662779520609593,0.0029645254418050287,24-25,27,27,0,1.0,2023-24,Metro,M22,65795232.35,1003.136321,41,0,7,982.1058149,42,0,6,112815.30110017139,12535.0334555746,4.600439789095342,583.2119553674626,76961,3044,0.03955250061719572,True,True,True,True,True
GANNAWARRA,Gannawarra,Gannawarra Shire Council,active,True,Small shire,shire,GANNAWARRA SHIRE,Gannawarra,GANNAWARRA,GANNAWARRA,321,22250,22250,Gannawarra,3737.5979,5687033092.562598,514931.1290912222,code,VIC,1,Kerang,"47 Victoria St, Kerang VIC 3579",-35.7336705,143.9200677,yes,,Mallee,,unsubdivided,0,7,https://www.vec.vic.gov.au/electoral-boundaries/local-councils/gannawarra-shire-council,2024-25,Small Shire,3090.0615148019992,30713.956170703575,4.272689938398357,2013.936947327951,1489.8116109188772,2,0.15286624203821655,1855.0806679875461,51,0.9523809523809523,53155.46428571428,51,0.1301677489177489,1.5221366698748797,41,0.4392857142857143,0.004428453715212458,24-25,27,26,1,0.963,2023-24,Country,C38,2309731.08,952.4122494,14,11,0,919.3824473,4,3,0,8558.710723781845,8558.710723781845,5.257801256789739,269.86904389489604,5279,173,0.032771358211782536,True,True,True,True,True
GLEN EIRA,Glen Eira,Glen Eira City Council,active,True,Metropolitan,city,GLEN EIRA CITY,Glen Eira,GLEN EIRA,GLEN EIRA,322,22310,22310,Glen Eira,38.6908,62244628.14256588,36517.36690136735,code,VIC,1,,,,,missing,Inner South East,,,single-councillor wards,9,9,https://www.vec.vic.gov.au/electoral-boundaries/local-councils/glen-eira-city-council,2024-25,Metro,1327.2381827551735,4639.935451424029,322.7595190380762,1188.8772298006295,161.594963273872,10,0.20703384207033843,1577.4657628994328,55,0.9649122807017544,53950.22222222222,55,0.04814470127753559,1.0158242620873739,57,0.6341679542954852,0.001686773692394479,24-25,27,25,2,0.9259,2023-24,Metro,M7,71755193.09,1074.592644,74,0,27,1102.847404,75,0,26,124741.97091812664,13860.21899090296,5.226789309172731,575.2289511049647,94822,2661,0.028063107717618274,True,True,True,True,True
GLENELG,Glenelg,Glenelg Shire Council,active,True,Large shire,shire,GLENELG SHIRE,Glenelg,GLENELG,GLENELG,323,22410,22410,Glenelg,6218.7884,9996500759.944006,603424.0963600412,code,VIC,1,Portland,"71 Cliff St, Portland VIC 3305",-38.351722,141.6075552,yes,,Great South Coast,,unsubdivided,0,7,https://www.vec.vic.gov.au/electoral-boundaries/local-councils/glenelg-shire-council,2024-25,Large Shire,3270.6552706552707,26637.876743139903,7.611884081129513,1951.6869095816458,1107.2124756335281,2,0.12244897959183673,1851.5496385369695,43,0.9047619047619048,75445.71428571429,42,-0.013185846736983108,0.8789399564716425,34,0.4445036262626889,0.0032720379012956507,24-25,27,26,1,0.963,2023-24,Country,C25,8320328.12,952.299167,13,10,0,919.422361,5,4,0,16484.28001534414,4121.070003836035,7.279662799242662,504.74319243880535,10261,302,0.02943182925640776,True,True,True,True,True
GOLDEN PLAINS,Golden Plains,Golden Plains Shire Council,active,True,Large shire,shire,GOLDEN PLAINS SHIRE,Golden Plains,GOLDEN PLAINS,GOLDEN PLAINS,324,22490,22490,Golden Plains,2703.3899,4346865444.785977,445095.58447837457,code,VIC,1,Bannockburn,"2 Pope St, Bannockburn VIC 3331",-38.0500989,144.1724734,yes,,Central Highlands,,unsubdivided,0,7,https://www.vec.vic.gov.au/electoral-boundaries/local-councils/golden-plains-shire-council,2024-25,Large Shire,2106.0485248889395,26936.78095455063,15.100841420237089,1304.2487754869576,603.1058966473023,8,0.17114914425427874,2051.9682461739912,39,0.9411764705882353,45514.14142857143,41,0.005236822755070931,1.7293971766501335,34,0.5479474165605552,0.00259993005130422,24-25,27,27,0,1.0,2023-24,Country,C32,0,1039.942689,61,45,0,996.946464,52,44,0,19535.25745879043,0,0,0,14369,409,0.0284640545619041,True,True,True,True,True
GREATER BENDIGO,Greater Bendigo,Greater Bendigo City Council,active,True,Regional,city,GREATER BENDIGO CITY,Greater Bendigo,GREATER BENDIGO,GREATER BENDIGO,325,22620,22620,Greater Bendigo,2999.9717,4679946261.07539,453286.42290552234,code,VIC,1,Bendigo,"195–229 Lyttleton Terrace, Bendigo VIC 3550",-36.75902495,144.2836307973192,yes,,Loddon Campaspe,,single-councillor wards,9,9,https://www.vec.vic.gov.au/electoral-boundaries/local-councils/greater-bendigo-city-council,2024-25,Regional City,2009.1490799252813,16644.092047215927,39.54677052782467,1528.3096856245775,323.9800236874528,4,0.1273176761433869,1949.0893332283713,47,0.8888888888888888,77089.90666666668,48,-0.07044585481424864,0.6796651457737221,45,0.6546057966958447,0.003946884137080186,24-25,27,27,0,1.0,2023-24,Country,C19,58668802.260000005,984.9620533,27,24,0,959.0622591,29,26,0,98693.027170084,8972.093379098545,6.707667390312521,594.4574195590567,63089,1957,0.031019670624039056,True,True,True,True,True
GREATER DANDENONG,Greater Dandenong,Greater Dandenong City Council,active,True,Metropolitan,city,GREATER DANDENONG CITY,Greater Dandenong,GREATER DANDENONG,GREATER DANDENONG,326,22670,22670,Greater Dandenong,129.5466,208997552.55611473,66345.63130881694,code,VIC,1,Dandenong,"225 Lonsdale St, Dandenong VIC 3175",-37.9888024,145.2135411031266,yes,Southern,,,single-councillor wards,11,11,https://www.vec.vic.gov.au/electoral-boundaries/local-councils/greater-dandenong-city-council,2024-25,Metro,1540.1319800595345,9670.617700151824,240.1981335247667,1296.2796925247164,294.14577580126485,1,0.12253164556962025,2122.9740826646307,77,0.8677685950413223,64635.90909090909,75,0.03760159564931572,0.6699399431039933,76,0.6590345425207673,0.002598422455582118,24-25,27,26,0,0.963,2023-24,Metro,M21,137923170.53,886.6579124,1,0,1,917.860836,3,0,1,130773.42529699621,9340.958949785443,7.09624297056105,1054.6727686972042,84196,5409,0.06424295691006698,True,True,True,True,True
GREATER GEELONG,Greater Geelong,Greater Geelong City Council,active,True,Regional,city,GREATER GEELONG CITY,Greater Geelong,GREATER GEELONG,GREATER GEELONG,327,22750,22750,Greater Geelong,1247.9872,2016838672.6669729,391230.3796555437,code,VIC,1,Geelong,"83 Ryrie St, Geelong VIC 3220",-38.1482209,144.35710844377047,yes,,Barwon,,single-councillor wards,11,11,https://www.vec.vic.gov.au/electoral-boundaries/local-councils/greater-geelong-city-council,2024-25,Regional City,1764.5019253017458,14358.237356034051,118.04525071341214,1454.2468875727384,310.472605459914,6,0.1344414568565143,1802.3351629167191,48,0.9848484848484849,53488.818181818184,48,0.0035669222083324396,0.6297916298288554,45,0.6286617508537016,0.0027860812701316147,24-25,27,27,0,1.0,2023-24,Country,C21,134811043.09,1007.331026,46,38,0,989.5729385,49,42,0,229523.24338904466,9180.929735561785,5.8556161029926885,587.3524663534563,157299,6503,0.04134164870723908,True,True,True,True,True
GREATER SHEPPARTON,Greater Shepparton,Greater Shepparton City Council,active,True,Regional,city,GREATER SHEPPARTON CITY,Greater Shepparton,GREATER SHEPPARTON,GREATER SHEPPARTON,328,22830,22830,Greater Shepparton,2421.9092,3745561478.239891,379610.7272588712,code,VIC,1,Shepparton,"90 Welsford St, Shepparton VIC 3630",-36.3777413,145.3982511,yes,,Goulburn,,single-councillor wards,9,9,https://www.vec.vic.gov.au/electoral-boundaries/local-councils/greater-shepparton-city-council,2024-25,Regional City,2316.1261699630763,17902.266937630593,29.284995808885164,1795.6893837478892,571.3713255288089,2,0.12029535022949511,2449.280056535438,54,0.9572649572649573,55641.444444444445,55,0.04519254028094893,0.8631860911755787,49,0.5686826315510009,0.0048865862320749765,24-25,27,27,0,1.0,2023-24,Country,C24,43126080.10000001,944.0409053,9,6,0,931.1302985,16,14,0,54657.594885474005,6832.199360684251,6.019291567610418,789.0226452584241,40005,795,0.01987251593550806,True,True,True,True,True
HEPBURN,Hepburn,Hepburn Shire Council,active,True,Small shire,shire,HEPBURN SHIRE,Hepburn,HEPBURN,HEPBURN,329,22910,22910,Hepburn,1472.9843,2333033896.9858866,343337.8860961263,code,VIC,1,Daylesford,"76 Vincent St, Daylesford VIC 3460",-37.3429539,144.1421862,yes,,Central Highlands,,unsubdivided,0,7,https://www.vec.vic.gov.au/electoral-boundaries/local-councils/hepburn-shire-council,2024-25,Small Shire,2701.877080361388,25206.042677127913,11.554945054945055,1810.3621017593912,665.1631597717546,6,0.22413793103448276,1747.630505641454,47,0.9285714285714286,40034.42857142857,42,-0.060809356514213674,0.7884696470581152,33,0.6343600690015059,0.0027671063797039103,24-25,27,25,2,0.9259,2023-24,Country,C26,3491644.65,1006.251286,45,37,0,983.9111418,43,37,0,14158.207654709591,7079.103827354796,4.025933323632212,246.6162903634584,8262,247,0.029895908980876303,True,True,True,True,True
HINDMARSH,Hindmarsh,Hindmarsh Shire Council,active,True,Small shire,shire,HINDMARSH SHIRE,Hindmarsh,HINDMARSH,HINDMARSH,330,22980,22980,Hindmarsh,7524.1823,11535473541.959944,536744.4582994083,code,VIC,1,Nhill,"92 Nelson St, Nhill VIC 3418",-36.3324845,141.6509023,yes,,Wimmera Southern Mallee,,multi-councillor wards,3,6,https://www.vec.vic.gov.au/electoral-boundaries/local-councils/hindmarsh-shire-council,2024-25,Small Shire,5022.693997071742,50953.05636896047,1.8062809917355371,2428.2576866764275,2000.732064421669,1,0.12087912087912088,1660.0577478344562,59,0.9487179487179487,46566.833333333336,58,-0.12231628021101705,0.7124627310673822,47,0.410338199811884,0.0022530275197633893,24-25,27,27,0,1.0,2023-24,Country,C8,0,940.1013668,6,4,0,922.8301517,8,7,0,4565.12346201177,0,0,0,2916,107,0.036694101508916326,True,True,True,True,True
HOBSONS BAY,Hobsons Bay,Hobsons Bay City Council,missing,False,Metropolitan,city,HOBSONS BAY CITY,Hobsons Bay,HOBSONS BAY,HOBSONS BAY,331,23110,23110,Hobsons Bay,64.2405,103217913.557496,68515.46379950432,code,VIC,1,Altona,"115 Civic Pde, Altona VIC 3018",-37.86372905,144.83102951464355,yes,Western,,,single-councillor wards,7,7,https://www.vec.vic.gov.au/electoral-boundaries/local-councils/hobsons-bay-city-council,2024-25,Metro,1735.1416636625863,11737.204307090642,218.34018264840182,1633.3640166051466,127.21014712494639,7,0.1834319526627219,2676.974588357319,55,0.967032967032967,47913.47714285715,54,0.04838668056648287,1.3066959109276794,53,0.8022258465990534,0.0030858897046026415,24-25,27,27,0,1.0,2023-24,Metro,M3,46936040.49,1020.66275,53,0,12,1034.269139,59,0,13,74338.31044475442,8259.81227163938,7.196827541535168,631.3842782972744,56536,1594,0.02819442479128343,True,True,True,True,True
HORSHAM,Horsham,Horsham Rural City Council,active,True,Regional,rural_city,HORSHAM RURAL CITY,Horsham,HORSHAM,HORSHAM,332,23190,23190,Horsham,4266.769,6671920496.202533,566232.870843869,code,VIC,1,Horsham,"18 Roberts Ave, Horsham VIC 3400",-36.7140492,142.2018018,yes,,Wimmera Southern Mallee,,single-councillor wards,7,7,https://www.vec.vic.gov.au/electoral-boundaries/local-councils/horsham-rural-city-council,2024-25,Regional City,3127.3066352571655,32709.609344326658,6.813644677926882,2313.6042402826856,757.312524538673,4,0.17094017094017094,2228.1016209476306,48,0.9327731092436975,58894.037142857145,47,0.005648835902877473,0.6324176477583542,46,0.5294769365208164,0.003675824577010968,24-25,27,27,0,1.0,2023-24,Country,C5,11641002.59,990.0981008,32,27,0,959.111719,30,27,0,16042.795680980811,5347.598560326937,9.536991123148558,725.6218193815644,11563,333,0.028798754648447635,True,True,True,True,True
HUME,Hume,Hume City Council,active,True,Interface,city,HUME CITY,Hume,HUME,HUME,333,23270,23270,Hume,503.8488,803820924.4952291,161552.28673646587,code,VIC,1,Broadmeadows,"1079 Pascoe Vale Rd, Broadmeadows VIC 3047",-37.6819237,144.9179606857977,yes,Northern,,,single-councillor wards,11,11,https://www.vec.vic.gov.au/electoral-boundaries/local-councils/hume-city-council,2024-25,Interface,1656.9245361397673,14952.757533050004,176.319922128488,1231.1536098178567,346.7421169849273,1,0.09699930216329379,1715.1132806771727,48,0.9454545454545454,105525,48,0.023406168560570827,0.7296029132421574,47,0.5671057105535693,0.003458884646528921,24-25,27,27,0,1.0,2023-24,Metro,M27,138016294.79999998,940.8164076,8,0,3,948.5714471,24,0,3,198226.47591075161,14159.033993625115,4.20226408290205,696.2556044336866,135744,9760,0.0719000471475719,True,True,True,True,True
INDIGO,Indigo,Indigo Shire Council,active,True,Small shire,shire,INDIGO SHIRE,Indigo,INDIGO,INDIGO,334,23350,23350,Indigo,2040.471,3141929352.540099,525008.9101820332,code,VIC,1,Beechworth,"101 Ford St, Beechworth VIC 3747",-36.3586093,146.6877969,yes,,Ovens Murray,,unsubdivided,0,7,https://www.vec.vic.gov.au/electoral-boundaries/local-councils/indigo-shire-council,2024-25,Small Shire,2593.1526872048576,17013.660894985383,11.656618610747051,1494.8841915898358,662.1317742298179,8,0.15772870662460567,1828.125,50,0.935064935064935,45747.142857142855,48,-0.1259550369809847,0.5945558739255015,40,0.49115141455317696,0.002798088327587015,24-25,27,27,0,1.0,2023-24,Country,C35,0,1029.417236,59,44,0,996.2871485,51,43,0,14057.84925181001,0,0,0,9571,202,0.021105422630864068,True,True,True,True,True
KINGSTON,Kingston,Kingston City Council,active,True,Metropolitan,city,KINGSTON CITY,Kingston,KINGSTON,KINGSTON,335,23430,23430,Kingston (Vic.),91.3676,147334671.5808252,68896.93811882591,code,VIC,1,Cheltenham,"1230 Nepean Hwy, Cheltenham VIC 3192",-37.9662318,145.05749081167,yes,Southern,,,single-councillor wards,11,11,https://www.vec.vic.gov.au/electoral-boundaries/local-councils/kingston-city-council,2024-25,Metro,1750.2474649443614,11002.831108328679,269.3642834034293,1385.8696979359963,392.0406533109938,9,0.1635717107862505,1940.140196561132,74,0.8787878787878788,60161.640909090915,72,0.015559213254609064,0.8646114997464682,70,0.5875720014271081,0.002129242345579984,24-25,27,27,0,1.0,2023-24,Metro,M20,86299825.28999999,1044.259648,68,0,22,1048.233929,64,0,17,131182.23160302686,8198.889475189178,6.997898943951327,657.8621527887526,95863,3202,0.03340183386708115,True,True,True,True,True
KNOX,Knox,Knox City Council,active,True,Metropolitan,city,KNOX CITY,Knox,KNOX,KNOX,336,23670,23670,Knox,113.9114,183195197.9317144,93284.94997003749,code,VIC,1,Wantirna South,"511 Burwood Hwy, Wantirna South VIC 3152",-37.8711882,145.24534816617074,yes,Eastern,,,single-councillor wards,9,9,https://www.vec.vic.gov.au/electoral-boundaries/local-councils/knox-city-council,2024-25,Metro,1254.2528566704634,8893.82861201945,223.82401315789474,1066.7168803811344,186.53782562369108,9,0.21686746987951808,1732.4583903328773,69,0.9242424242424242,66598.26,66,0.023922760934417323,1.8378346778907986,68,0.7196605064763012,0.002242784316890877,24-25,27,27,0,1.0,2023-24,Metro,M18,76623268.16,1042.169006,65,0,19,1028.669427,58,0,12,129908.16884668563,11809.833531516875,5.9349616490238954,589.8264046076183,91913,3663,0.039852904376965176,True,True,True,True,True
LATROBE,Latrobe,Latrobe City Council,active,True,Regional,city,LATROBE CITY,Latrobe,LATROBE,LATROBE,337,23810,23810,Latrobe (Vic.),1425.613,2316816611.978686,376899.27825672633,code,VIC,1,Morwell,"141 Commercial Rd, Morwell VIC 3840",-38.2364103,146.3945118,yes,,Gippsland,,single-councillor wards,9,9,https://www.vec.vic.gov.au/electoral-boundaries/local-councils/latrobe-city-council,2024-25,Regional City,2270.340541568901,18075.62939945463,50.877589210814996,1553.7954213964108,527.8965058025238,1,0.15880322209436135,1745.9299336548584,49,0.8958333333333334,55232.92222222222,47,-0.05982202592050965,0.937745576146022,50,0.5649285676224534,0.004331558104353974,24-25,27,26,1,0.963,2023-24,Country,C30,49584137.64,930.8178602,4,2,0,907.0987768,2,2,0,62732.22539052192,4825.555799270916,8.321082135225318,790.4093523117955,39588,2366,0.05976558553096898,True,True,True,True,True
LODDON,Loddon,Loddon Shire Council,active,True,Small shire,shire,LODDON SHIRE,Loddon,LODDON,LODDON,338,23940,23940,Loddon,6696.4447,10347784800.127542,591725.1754038463,code,VIC,1,Wedderburn,"41 High St, Wedderburn VIC 3518",-36.420188,143.61443541974296,yes,,Loddon Campaspe,,single-councillor wards,5,5,https://www.vec.vic.gov.au/electoral-boundaries/local-councils/loddon-shire-council,2024-25,Small Shire,5433.581689232753,54021.13449387492,1.6419648528477662,2273.2424242424236,2766.037653127014,2,0.2222222222222222,1352.9980244474627,51,0.9846153846153847,42617.4,54,0.05605509211540761,0.6733213486908566,41,0.29537797838243085,0.0024211228783686243,24-25,27,26,1,0.963,2023-24,Country,C46,0,948.1040223,11,8,0,924.8063462,10,9,0,6371.733134351878,0,0,0,3652,147,0.040251916757940855,True,True,True,True,True
MACEDON RANGES,Macedon Ranges,Macedon Ranges Shire Council,active,True,Large shire,shire,MACEDON RANGES SHIRE,Macedon Ranges,MACEDON RANGES,MACEDON RANGES,339,24130,24130,Macedon Ranges,1748.284,2770451379.037369,334244.01325657754,code,VIC,1,Kyneton,"40 Robertson St, Kyneton VIC 3444",-37.25133,144.46671,yes,,Loddon Campaspe,,multi-councillor wards,3,9,https://www.vec.vic.gov.au/electoral-boundaries/local-councils/macedon-ranges-shire-council,2024-25,Large Shire,1898.2397945535286,17565.298806912415,32.18258204483626,1455.3350097194727,451.46505448254953,10,0.16188524590163936,2065.1748251748254,46,0.9829059829059829,47662,45,0.028007341996402056,1.0938408067916359,32,0.5869853068753595,0.00273036693125897,24-25,27,27,0,1.0,2023-24,Country,C45,9695883.28,1062.808882,73,46,0,1047.396791,63,46,0,41093.93512045263,13697.978373484211,2.5064525871784045,235.9443857488916,29882,452,0.015126162907435915,True,True,True,True,True
MANNINGHAM,Manningham,Manningham City Council,active,True,Metropolitan,city,MANNINGHAM CITY,Manningham,MANNINGHAM,MANNINGHAM,340,24210,24210,Manningham,113.3479,181665824.85835725,110999.6611004899,code,VIC,1,Doncaster,"699 Doncaster Rd, Doncaster VIC 3108",-37.78651205,145.1326431801163,yes,Eastern,,,single-councillor wards,9,9,https://www.vec.vic.gov.au/electoral-boundaries/local-councils/manningham-city-council,2024-25,Metro,1234.0373858729063,9386.768467148853,214.66438579341806,1327.1681301750898,77.79236648173587,9,0.12395929694727105,1999.702469503124,56,0.9743589743589743,55701,56,0.1271921113514732,1.0776747682285142,59,0.6802778418942204,0.0017795013078557413,24-25,27,27,0,1.0,2023-24,Metro,M14,58047020.8,1056.081109,70,0,24,1075.160902,71,0,23,104071.89475526812,17345.315792544687,4.4392388654633725,557.7588544582701,68842,2826,0.0410505214839778,True,True,True,True,True
MANSFIELD,Mansfield,Mansfield Shire Council,active,True,Small shire,shire,MANSFIELD SHIRE,Mansfield,MANSFIELD,MANSFIELD,382,24250,24250,Mansfield,3843.8535,6069694310.827578,549919.3295225838,code,VIC,1,Mansfield,"33 Highett St, Mansfield VIC 3722",-37.0535975,146.0879934,yes,,Ovens Murray,,unsubdivided,0,5,https://www.vec.vic.gov.au/electoral-boundaries/local-councils/mansfield-shire-council,2024-25,Small Shire,2773.418660730848,23430.717863105176,12.707265015185783,2047.2083101465403,884.8080133555927,8,0.17543859649122806,1697.2388955582232,59,0.9142857142857143,53434.833999999995,57,0.10569130005682328,2.4014274691358026,53,0.5411071567425307,0.002396407336002454,24-25,27,27,0,1.0,2023-24,Country,C49,1652829.2500000002,1027.619655,57,42,0,988.5583631,47,40,0,8490.667846131611,8490.667846131611,4.711054621954643,194.66422193785817,5511,92,0.01669388495735801,True,True,True,True,True
MARIBYRNONG,Maribyrnong,Maribyrnong City Council,active,True,Metropolitan,city,MARIBYRNONG CITY,Maribyrnong,MARIBYRNONG,MARIBYRNONG,341,24330,24330,Maribyrnong,31.2258,50093104.20720319,36523.83737091372,code,VIC,1,Footscray,"61 Napier St, Footscray VIC 3011",-37.8045906,144.90078084690958,yes,Western,,,single-councillor wards,7,7,https://www.vec.vic.gov.au/electoral-boundaries/local-councils/maribyrnong-city-council,2024-25,Metro,1745.05310288485,9823.874547750156,270.1995298434723,1736.257440239361,93.31465979140805,6,0.09082308420056764,2450.184580133237,70,0.9489795918367347,67747.14285714286,71,0.05512756435666316,2.130856805914637,68,0.7419701382784988,0.003223370270540082,24-25,27,27,0,1.0,2023-24,Metro,M5,66253194.449999996,1009.717021,48,0,9,1044.594148,62,0,16,78609.09521721813,8734.343913024237,5.991673084374016,842.8184329933395,61101,2457,0.04021210782147592,True,True,True,True,True
MAROONDAH,Maroondah,Maroondah City Council,active,True,Metropolitan,city,MAROONDAH CITY,Maroondah,MAROONDAH,MAROONDAH,342,24410,24410,Maroondah,61.4097,98539396.22066192,48771.96503414651,code,VIC,1,Ringwood,"Braeside Ave, Ringwood VIC 3134",-37.80969009431772,145.2421467927601,yes,Eastern,,,single-councillor wards,9,9,https://www.vec.vic.gov.au/electoral-boundaries/local-councils/maroondah-city-council,2024-25,Metro,1402.8101278549525,16161.008428707877,250.2180293501048,1304.1624076277292,96.06716155302713,8,0.10538706550339288,1714.5990093394337,58,0.9166666666666666,63238,59,0.048125028425888026,0.9210774222811486,55,0.6345965797971529,0.002429512723626914,24-25,27,27,0,1.0,2023-24,Metro,M17,63968642.39999999,1041.026734,63,0,17,1034.655377,60,0,14,93422.47878334908,11677.809847918636,6.850599645125974,684.7243108197347,66751,2613,0.03914548096657728,True,True,True,True,True
MELBOURNE,Melbourne,Melbourne City Council,excluded,False,Metropolitan,city,MELBOURNE CITY,Melbourne,MELBOURNE,MELBOURNE,343,24600,24600,Melbourne,37.5452,60251370.524728,52280.75793892015,code,VIC,1,,,,,missing,Inner Metropolitan,,,unsubdivided,0,9,https://www.vec.vic.gov.au/electoral-boundaries/local-councils/melbourne-city-council,2024-25,Metro,3157.72437572935,16376.331310955165,777.1995846859085,3173.7027473717008,111.39449047158902,7,0.10353866317169069,2344.5679886685552,60,0.9545454545454546,87444.31818181818,59,0.05484916637295979,1.2881639541203054,66,0.6168840097547561,0.00246333032404293,24-25,27,27,0,1.0,2023-24,Metro,M1,95137726.95000002,1016.684788,50,0,10,1085.522115,73,0,24,163965.093764873,16396.509376487298,4.586342023982086,580.2315893310081,119302,4959,0.04156678010427319,True,True,True,True,True
MELTON,Melton,Melton City Council,active,True,Interface,city,MELTON CITY,Melton,MELTON,MELTON,344,24650,24650,Melton,527.5374,843945670.2415286,134812.7345561019,code,VIC,1,Melton,"232 High St, Melton VIC 3337",-37.6721045,144.5796982,yes,Western,,,single-councillor wards,10,10,https://www.vec.vic.gov.au/electoral-boundaries/local-councils/melton-city-council,2024-25,Interface,1276.823669443972,15394.100887106473,152.3190145293746,1078.2138428423905,234.64567582251237,4,0.1720183486238532,1778.7981224700713,70,0.8666666666666667,62445.075,70,0.2145858366306702,1.0733370126286401,69,0.4878910564998992,0.002958563313177552,24-25,27,27,0,1.0,2023-24,Metro,M29,90271752.75000001,985.1878685,28,0,4,973.9039808,40,0,4,158361.72173839674,22623.103105485246,3.302565760581727,570.0351812234214,110899,5755,0.051894065771557904,True,True,True,True,True
MERRI BEK,Merri-bek,Merri-bek City Council,missing,False,Metropolitan,city,MERRI-BEK CITY,Merri-bek,MERRI BEK,MERRI BEK,351,25250,24700,Merri-bek,50.9522,81591243.95737904,52610.08511858063,name,VIC,1,Coburg,"90 Bell St, Coburg VIC 3058",-37.7412518,144.9701016,yes,Northern,,,single-councillor wards,11,11,https://www.vec.vic.gov.au/electoral-boundaries/local-councils/merri-bek-city-council,2024-25,Metro,1343.6210020693277,5780.527946647796,296.0857142857143,1259.722088198398,131.14499233383725,7,0.13408876298394712,1914.1980220529726,68,0.9418181818181818,60031.612727272724,69,0.08819345661450925,1.828805453805454,68,0.7075667671979423,0.0026850695074829346,24-25,27,27,0,1.0,2023-24,Metro,M10,61438680.97,1026.530542,55,0,14,1049.419536,65,0,18,151981.32856936497,12665.110714113747,4.2044638378612245,404.2515060786504,113117,5399,0.04772934218552472,True,True,True,True,True
MILDURA,Mildura,Mildura Rural City Council,active,True,Regional,rural_city,MILDURA RURAL CITY,Mildura,MILDURA,MILDURA,345,24780,24780,Mildura,22081.9206,32882436828.299786,1119725.4223266148,code,VIC,1,Mildura,"76 Deakin Ave, Mildura VIC 3500",-34.1862986,142.1617713,yes,,Mallee,,single-councillor wards,9,9,https://www.vec.vic.gov.au/electoral-boundaries/local-councils/mildura-rural-city-council,2024-25,Regional City,2314.666990594523,17800.54142227467,11.321414538310412,1899.8368791864784,648.4399403047236,1,0.10039370078740158,2340.3329065300895,48,1,43626.649999999994,44,0.10028802115302894,1.028990011098779,48,0.6012829419978011,0.005596915474345525,24-25,27,27,0,1.0,2023-24,Country,C27,36959276.6,940.0018025,5,3,0,922.2651057,7,6,0,45529.7008810714,5691.212610133925,6.171795433798323,811.7619023358336,31290,1281,0.04093959731543624,True,True,True,True,True
MITCHELL,Mitchell,Mitchell Shire Council,active,True,Large shire,shire,MITCHELL SHIRE,Mitchell,MITCHELL,MITCHELL,346,24850,24850,Mitchell,2862.0837,4511909108.074479,525469.3747780247,code,VIC,1,Broadford,"113 High St, Broadford VIC 3658",-37.2029077,145.0489343,yes,Northern (part),Goulburn (part),Mitchell Shire is split between the Northern metropolitan region and Goulburn Regional Partnership in VIF definitions.,multi-councillor wards,3,9,https://www.vec.vic.gov.au/electoral-boundaries/local-councils/mitchell-shire-council,2024-25,Large Shire,2036.1804767309875,15007.803632236095,38.21037936596143,1519.1898410896708,466.8700340522134,5,0.16775870323507286,1946.892857142857,48,0.9333333333333333,59332.444444444445,48,-0.006452065362227365,0.7314366510990188,28,0.5927221404025528,0.003389716474654759,24-25,27,26,1,0.963,2023-24,Country,C13,22222664.660000004,999.547638,38,32,0,968.230862,35,32,0,44395.67507994485,11098.918769986212,5.045536521218234,500.5592238429278,29287,1280,0.04370539829958685,True,True,True,True,True
MOIRA,Moira,Moira Shire Council,active,True,Large shire,shire,MOIRA SHIRE,Moira,MOIRA,MOIRA,347,24900,24900,Moira,4045.9201,6204216863.8983755,711445.5817612408,code,VIC,1,Cobram,"44 Station St, Cobram VIC 3644",-35.9218589,145.6462411,yes,,Goulburn,,unsubdivided,0,9,https://www.vec.vic.gov.au/electoral-boundaries/local-councils/moira-shire-council,2024-25,Large Shire,2422.078090543521,24756.42106628616,8.404813497417447,1809.2680046050068,831.2037877805163,2,0.2917647058823529,1908.402096631896,37,1,280237.5,36,0.09236372528565172,0.7344142057517854,31,0.5720911383537295,0.003561765558925498,24-25,27,27,0,1.0,2023-24,Country,C17,6137825.65,958.2606536,16,13,0,926.7433001,11,10,0,24985.8219437286,12492.9109718643,4.122337869531358,245.6523409085041,16828,223,0.01325172331827906,True,True,True,True,True
MONASH,Monash,Monash City Council,active,True,Metropolitan,city,MONASH CITY,Monash,MONASH,MONASH,348,24970,24970,Monash,81.4829,131069287.29762071,63154.89700597732,code,VIC,1,Glen Waverley,"293 Springvale Rd, Glen Waverley VIC 3150",-37.88213305,145.1645142367487,yes,Eastern,,,single-councillor wards,11,11,https://www.vec.vic.gov.au/electoral-boundaries/local-councils/monash-city-council,2024-25,Metro,1105.6587724831318,7088.82867901447,276.8095238095238,1101.6161094864003,125.08362482558249,9,0.13751507840772015,1697.0287158441438,74,0.8896103896103896,68674.2590909091,72,0.12494327120900399,1.8938052023043275,72,0.5724767033764976,0.0014093065756750345,24-25,27,27,0,1.0,2023-24,Metro,M19,121417688.02,1042.308433,66,0,20,1066.962401,68,0,21,164255.80785065892,10950.387190043928,5.8141018725394735,739.1987510748645,112632,2255,0.020020953192698344,True,True,True,True,True
MOONEE VALLEY,Moonee Valley,Moonee Valley City Council,active,True,Metropolitan,city,MOONEE VALLEY CITY,Moonee Valley,MOONEE VALLEY,MOONEE VALLEY,349,25060,25060,Moonee Valley,43.1384,69119667.83850741,49500.21094901408,code,VIC,1,Moonee Ponds,"9 Kellaway Ave, Moonee Ponds VIC 3039",-37.7641373,144.9250294,yes,Western,,,single-councillor wards,9,9,https://www.vec.vic.gov.au/electoral-boundaries/local-councils/moonee-valley-city-council,2024-25,Metro,1702.9106157308913,7432.221811118306,280.9024770483284,1594.5873030555297,213.70980174513613,8,0.1411042944785276,2027.4850677414654,70,0.9481481481481482,57239.77777777778,66,0.08264126499020032,1.25243757431629,70,0.6206109025678503,0.0023651172035224354,24-25,27,27,0,1.0,2023-24,Metro,M9,85434267.05,1040.715483,62,0,16,1059.755144,66,0,19,104151.91244493943,9468.355676812675,7.162614516506143,820.2851493021346,76284,2975,0.0389990037229301,True,True,True,True,True
MOORABOOL,Moorabool,Moorabool Shire Council,active,True,Large shire,shire,MOORABOOL SHIRE,Moorabool,MOORABOOL,MOORABOOL,350,25150,25150,Moorabool,2110.5504,3371010838.871614,357829.63165552495,code,VIC,1,Ballan,"15 Stead St, Ballan VIC 3342",-37.6018465,144.2278439,yes,,Central Highlands,,unsubdivided,0,9,https://www.vec.vic.gov.au/electoral-boundaries/local-councils/moorabool-shire-council,2024-25,Large Shire,1801.4768674335662,19522.178128296582,27.139740967961828,1357.4119656402268,435.3444768172,7,0.12284069097888675,1978.9142776441054,48,0.8888888888888888,48317.136666666665,50,0.004328472486702971,1.1856914173131388,38,0.6550353674814908,0.003145757031369637,24-25,27,27,0,1.0,2023-24,Country,C22,10391902.959999999,1017.233908,51,40,0,987.1572238,46,39,0,31104.797304095384,10368.265768031795,3.5364319826484434,334.0932544393002,22352,712,0.03185397279885469,True,True,True,True,True
MORNINGTON PENINSULA,Mornington Peninsula,Mornington Peninsula Shire Council,active,True,Interface,shire,MORNINGTON PENINSULA SHIRE,Mornington Peninsula,MORNINGTON PENINSULA,MORNINGTON PENINSULA,352,25340,25340,Mornington Peninsula,723.992,1178746386.4646883,270043.66603271477,code,VIC,1,Rosebud,"90 Besgrove St, Rosebud VIC 3939",-38.3713043,144.8916588,yes,Southern,,,single-councillor wards,11,11,https://www.vec.vic.gov.au/electoral-boundaries/local-councils/mornington-peninsula-shire-council,2024-25,Interface,1795.2114319043453,11815.654709827939,99.73821989528795,1635.8705161854768,143.30708661417324,8,0.15550510783200908,1659.4496982369433,66,0.8654545454545455,72297.56,62,0.0008857924939444349,0.7722147534585194,53,0.7360534215062855,0.0016830338585811706,24-25,27,27,0,1.0,2023-24,Metro,M31,87818238.92000002,1037.538438,60,0,15,1016.208911,56,0,11,139504.7926300895,8719.049539380594,5.55536469671682,629.499798998724,83467,2176,0.02607018342578504,True,True,True,True,True
MOUNT ALEXANDER,Mount Alexander,Mount Alexander Shire Council,active,True,Large shire,shire,MOUNT ALEXANDER SHIRE,Mount Alexander,MOUNT ALEXANDER,MOUNT ALEXANDER,353,25430,25430,Mount Alexander,1529.6183,2405867266.4326286,325211.20877416385,code,VIC,1,Castlemaine,"Lyttleton St, Castlemaine VIC 3450",-37.06534628684295,144.22428642266289,yes,,Loddon Campaspe,,single-councillor wards,8,8,https://www.vec.vic.gov.au/electoral-boundaries/local-councils/mount-alexander-shire-council,2024-25,Large Shire,2486.465695466128,20302.706860906776,14.573177424788174,1623.2991970767825,697.004663685754,6,0.17848970251716248,1884.8676412485186,53,0.875,39476.875,51,-0.0328120943422603,0.7477160258850399,48,0.5776765921754239,0.0031393473660836528,24-25,27,27,0,1.0,2023-24,Country,C47,3171764.14,1007.453034,47,39,0,986.7803982,45,38,0,17271.396181992848,17271.396181992848,1.7369759620984198,183.64260228752556,9657,224,0.023195609402505955,True,True,True,True,True
MOYNE,Moyne,Moyne Shire Council,active,True,Large shire,shire,MOYNE SHIRE,Moyne,MOYNE,MOYNE,354,25490,25490,Moyne,5481.686,8871720204.334492,654456.376139576,code,VIC,1,Port Fairy,"1 Jamieson Ave, Port Fairy VIC 3284",-38.378074,142.233912,yes,,Great South Coast,,unsubdivided,0,7,https://www.vec.vic.gov.au/electoral-boundaries/local-councils/moyne-shire-council,2024-25,Large Shire,3603.4881751989615,38889.20246091325,6.442545454545455,1964.0458316870806,1474.9111023310943,8,0.12520593080724876,1613.2395923848644,51,0.9387755102040817,63932.70428571429,51,-0.03909191280084793,1.5641464855286473,39,0.456127545012668,0.0021097243348741157,24-25,27,27,0,1.0,2023-24,Country,C36,0,1028.978572,58,43,0,998.4238392,53,45,0,13797.11171991639,0,0,0,9818,125,0.012731717254023223,True,True,True,True,True
MURRINDINDI,Murrindindi,Murrindindi Shire Council,active,True,Small shire,shire,MURRINDINDI SHIRE,Murrindindi,MURRINDINDI,MURRINDINDI,355,25620,25620,Murrindindi,3879.7505,6144108352.59237,534739.183257642,code,VIC,2,Alexandra,"Perkins St, Alexandra VIC 3714",-37.18913728410456,145.7128403941712,yes,,Goulburn,,single-councillor wards,7,7,https://www.vec.vic.gov.au/electoral-boundaries/local-councils/murrindindi-shire-council,2024-25,Small Shire,3005.2553996026404,30387.93821700955,12.532530120481928,2100.0448631673394,771.9669294366468,6,0.14527845036319612,1973.1067961165047,51,0.945054945054945,48008.28571428572,50,-0.004541656847833073,0.8514780100937275,38,0.5343302127294929,0.002690877414189147,24-25,27,25,2,0.9259,2023-24,Country,C41,1612711.97,1004.689869,43,36,0,970.812613,37,34,0,12958.67680052883,12958.67680052883,1.9292093154896628,124.45035822902743,8279,292,0.03526996014011354,True,True,True,True,True
NILLUMBIK,Nillumbik,Nillumbik Shire Council,active,True,Interface,shire,NILLUMBIK SHIRE,Nillumbik,NILLUMBIK,NILLUMBIK,356,25710,25710,Nillumbik,432.3373,690352026.7101523,190263.9641129881,code,VIC,1,Greensborough,"Civic Dr, Greensborough VIC 3088",-37.68799195813326,145.10660428437586,yes,Northern,,,single-councillor wards,7,7,https://www.vec.vic.gov.au/electoral-boundaries/local-councils/nillumbik-shire-council,2024-25,Interface,1873.6281852008856,8502.865307019609,80.72623574144487,1616.017458747429,124.55057855651327,10,0.14502252032406956,2695.8333333333335,68,0.967032967032967,44449.32857142857,66,-0.06422615597271146,0.9503074725138208,57,0.7183751727828065,0.002975640565226536,24-25,27,27,0,1.0,2023-24,Metro,M16,9368870.02,1092.873619,80,0,31,1088.097268,74,0,25,49430.46054385936,24715.23027192968,1.8207396615320535,189.53636921280668,39556,705,0.017822833451309535,True,True,True,True,True
NORTHERN GRAMPIANS,Northern Grampians,Northern Grampians Shire Council,active,True,Small shire,shire,NORTHERN GRAMPIANS SHIRE,Northern Grampians,NORTHERN GRAMPIANS,NORTHERN GRAMPIANS,357,25810,25810,Northern Grampians,5729.8765,8964188734.430622,715663.5962521527,code,VIC,1,Stawell,"59–69 Main St, Stawell VIC 3380",-37.0568391,142.7790721,yes,,Wimmera Southern Mallee,,multi-councillor wards,3,6,https://www.vec.vic.gov.au/electoral-boundaries/local-councils/northern-grampians-shire-council,2024-25,Small Shire,4777.3543360433605,40886.432926829264,3.5038575667655785,2187.5,1623.3909214092141,2,0.21524663677130046,1729.7750591949489,51,0.9120879120879121,42129.258571428574,50,-0.20107735218344797,0.6868805023702518,47,0.44769731939446844,0.002958395479523308,24-25,27,27,0,1.0,2023-24,Country,C14,4590890.100000001,951.3008393,12,9,0,920.6550335,6,5,0,9799.712937256012,4899.856468628006,8.163504432447239,468.47189600285185,6365,253,0.03974862529457973,True,True,True,True,True
PORT PHILLIP,Port Phillip,Port Phillip City Council,active,True,Metropolitan,city,PORT PHILLIP CITY,Port Phillip,PORT PHILLIP,PORT PHILLIP,358,25900,25900,Port Phillip,20.6141,33120265.09729641,39165.14961972796,code,VIC,1,St Kilda,"99a Carlisle St, St Kilda VIC 3182",-37.8682842,144.9887179,yes,Inner Metropolitan,,,single-councillor wards,9,9,https://www.vec.vic.gov.au/electoral-boundaries/local-councils/port-phillip-city-council,2024-25,Metro,2253.7343901161807,8796.510131446983,418.8438661710037,2287.497004499907,99.72574532480097,9,0.18192419825072886,1764.6295912014941,69,0.9883040935672515,59193.189999999995,68,0.060372038291747,1.687102346943075,72,0.563186193064709,0.0020055544248575633,24-25,27,27,0,1.0,2023-24,Metro,M2,29442783.229999997,1061.015673,72,0,26,1105.734658,76,0,27,97825.99175285926,9782.599175285926,3.853781528250962,300.97096592061325,73919,3143,0.042519514603823104,True,True,True,True,True
PYRENEES,Pyrenees,Pyrenees Shire Council,active,True,Small shire,shire,PYRENEES SHIRE,Pyrenees,PYRENEES,PYRENEES,359,25990,25990,Pyrenees,3434.5687,5440018827.012701,497973.52139095,code,VIC,1,Beaufort,"5 Lawrence St, Beaufort VIC 3373",-37.42823675,143.38429237295185,yes,,Central Highlands,,single-councillor wards,5,5,https://www.vec.vic.gov.au/electoral-boundaries/local-councils/pyrenees-shire-council,2024-25,Small Shire,3552.6514199547623,41686.981653681825,3.8222862632084533,2021.8647901482782,1673.5360643377733,3,0.18181818181818182,1583.6242462710252,51,1,107455.26499999971,53,0.12600469889946828,0.9492260957616085,45,0.4300111289724249,0.00259636411962911,24-25,27,25,2,0.9259,2023-24,Country,C44,0,958.6908796,17,14,0,929.2570974,14,12,0,6394.974139557322,0,0,0,3451,184,0.05331787887568821,True,True,True,True,True
QUEENSCLIFFE,Queenscliffe,Borough of Queenscliffe Council,active,True,Small shire,borough,QUEENSCLIFFE BOROUGH,Queenscliffe,QUEENSCLIFFE,QUEENSCLIFFE,360,26080,26080,Queenscliffe,8.6166,13999501.436255636,46835.57904690757,code,VIC,2,Queenscliff,"50 Learmonth St, Queenscliff VIC 3225",-38.26767,144.659078,yes,,Barwon,,unsubdivided,0,5,https://www.vec.vic.gov.au/electoral-boundaries/local-councils/queenscliffe-borough-council,2024-25,Small Shire,4095.6130133252577,14626.9438379358,76.79069767441861,3712.6443185947905,485.4629890975167,10,0.07079646017699115,2387.1118315252074,53,0.9733333333333334,48743.6,50,0.04359242963193769,0.9735435713308919,61,0.6359590507721281,0.001838688758790222,24-25,27,27,0,1.0,2023-24,Country,C1,1176843.4300000002,1082.243248,75,47,0,1067.199476,69,47,0,2884.879446101236,2884.879446101236,10.399048057465082,407.93504615606815,1558,20,0.012836970474967908,True,True,True,True,True
SOUTH GIPPSLAND,South Gippsland,South Gippsland Shire Council,active,True,Large shire,shire,SOUTH GIPPSLAND SHIRE,South Gippsland,SOUTH GIPPSLAND,SOUTH GIPPSLAND,361,26170,26170,South Gippsland,3296.3307,5408373154.833605,759955.9743337327,code,VIC,1,Leongatha,"9 Smith St, Leongatha VIC 3953",-38.4758404,145.9438974,yes,,Gippsland,,multi-councillor wards,3,9,https://www.vec.vic.gov.au/electoral-boundaries/local-councils/south-gippsland-shire-council,2024-25,Large Shire,2773.128747340597,24799.626071819996,14.681495504022717,1944.5877119463605,756.8499774353684,5,0.16494845360824742,2282.4550285185,46,0.9333333333333333,66503.0111111111,45,0.058486188329028584,2.4144866282882753,33,0.5750010944271768,0.0029713151781050056,24-25,27,27,0,1.0,2023-24,Country,C4,7157434.540000001,1002.588744,40,34,0,965.9906565,34,31,0,25101.187190766937,6275.296797691734,4.18306907964188,285.1432677508077,16103,406,0.02521269328696516,True,True,True,True,True
SOUTHERN GRAMPIANS,Southern Grampians,Southern Grampians Shire Council,active,True,Large shire,shire,SOUTHERN GRAMPIANS SHIRE,Southern Grampians,SOUTHERN GRAMPIANS,SOUTHERN GRAMPIANS,362,26260,26260,Southern Grampians,6654.0186,10600877277.594501,652354.9034913746,code,VIC,1,Hamilton,"111 Brown St, Hamilton VIC 3300",-37.7420953,142.0244422,yes,,Great South Coast,,unsubdivided,0,7,https://www.vec.vic.gov.au/electoral-boundaries/local-councils/southern-grampians-shire-council,2024-25,Large Shire,3328.3509833585476,31028.320726172467,6.017844136926438,2040.6656580937974,1199.7579425113465,5,0.15521064301552107,1892.2543968733346,46,1,44518.28571428572,42,-0.010156479576843961,1.3091347092909695,36,0.45074199235968265,0.0027619425429970938,24-25,27,27,0,1.0,2023-24,Country,C37,6874736.64,993.7303903,35,30,0,961.5382901,32,29,0,13098.284610903243,6549.142305451622,5.725940627184775,524.8577843756233,8735,191,0.021866056096164856,True,True,True,True,True
STONNINGTON,Stonnington,Stonnington City Council,active,True,Metropolitan,city,STONNINGTON CITY,Stonnington,STONNINGTON,STONNINGTON,363,26350,26350,Stonnington,25.651,41219265.27180442,37680.22888781836,code,VIC,1,Malvern,"311 Glenferrie Rd, Malvern VIC 3144",-37.8559309,145.0291059551993,yes,Inner South East,,,single-councillor wards,9,9,https://www.vec.vic.gov.au/electoral-boundaries/local-councils/stonnington-city-council,2024-25,Metro,1952.6491651905503,10743.59424051632,347.19139641951836,1866.404840404076,83.34940984584085,10,0.17716535433070865,1647.421666691262,54,1,51420,53,0.0003002099613781958,1.1975439845080478,56,0.6416852457391989,0.001313649724293923,24-25,27,27,0,1.0,2023-24,Metro,M6,19809877.19,1084.476004,76,0,28,1129.989129,79,0,30,97486.40742114534,24371.601855286335,2.0413102222580806,203.20655683228233,72834,1856,0.02548260427822171,True,True,True,True,True
STRATHBOGIE,Strathbogie,Strathbogie Shire Council,active,True,Small shire,shire,STRATHBOGIE SHIRE,Strathbogie,STRATHBOGIE,STRATHBOGIE,364,26430,26430,Strathbogie,3303.2568,5156491895.263104,482620.8753759677,code,VIC,1,Euroa,"109 Binney St, Euroa VIC 3666",-36.7526968,145.5723126,yes,,Goulburn,,unsubdivided,0,7,https://www.vec.vic.gov.au/electoral-boundaries/local-councils/strathbogie-shire-council,2024-25,Small Shire,3358.3119856887297,36804.11530028111,5.3544793990065545,2238.4889683959454,1107.8921543572706,4,0.14788732394366197,2475.976715535296,50,0.6696428571428571,64264,46,0.05178485098365303,1.0832762925654706,39,0.5675583633769323,0.00334173477748954,24-25,27,27,0,1.0,2023-24,Country,C42,2332739.66,981.9917555,25,22,0,954.1825635,25,22,0,9855.440423717686,9855.440423717686,3.246937592255152,236.6956279687032,5906,178,0.030138841855739926,True,True,True,True,True
SURF COAST,Surf Coast,Surf Coast Shire Council,active,True,Large shire,shire,SURF COAST SHIRE,Surf Coast,SURF COAST,SURF COAST,365,26490,26490,Surf Coast,1552.944,2526347117.364444,290453.58316019207,code,VIC,1,Torquay,"1 Merrijig Dr, Torquay VIC 3228",-38.30712155,144.32504635631972,yes,,Barwon,,multi-councillor wards,3,9,https://www.vec.vic.gov.au/electoral-boundaries/local-councils/surf-coast-shire-council,2024-25,Large Shire,2635.5439791624926,22484.371869364855,36.83394833948339,2077.213985173312,382.4383891003807,10,0.11374407582938388,2314.474285002698,54,0.9259259259259259,55798.444444444445,52,-0.049989024365907686,0.9365149636975385,52,0.6622697611302908,0.0018629507197732442,24-25,27,27,0,1.0,2023-24,Country,C33,4449256.77,1086.196967,77,48,0,1075.791801,72,48,0,31324.431814749678,10441.477271583226,2.8412327006069664,142.0379081833812,22639,329,0.014532444012544724,True,True,True,True,True
SWAN HILL,Swan Hill,Swan Hill Rural City Council,active,True,Large shire,rural_city,SWAN HILL RURAL CITY,Swan Hill,SWAN HILL,SWAN HILL,366,26610,26610,Swan Hill,6115.5373,9161967231.615534,813238.3513160606,code,VIC,1,Swan Hill,"45 Splatt St, Swan Hill VIC 3585",-35.3400182,143.5572983052599,yes,,Mallee,,unsubdivided,0,7,https://www.vec.vic.gov.au/electoral-boundaries/local-councils/swan-hill-rural-city-council,2024-25,Large Shire,2906.276666350621,28397.980468379632,6.900228982662742,2122.4518820517683,819.4747321513227,1,0.10952380952380952,2332.84813197477,53,0.9333333333333333,55869.57142857143,51,0.022467072742928213,1.4295983963503145,45,0.5280320183691042,0.00481403491429157,24-25,27,25,2,0.9259,2023-24,Country,C23,9660479.47,940.6167909,7,5,0,927.0698076,12,11,0,16574.05289444998,4143.513223612495,9.593308348451275,582.8676625760576,12011,346,0.02880692698359837,True,True,True,True,True
TOWONG,Towong,Towong Shire Council,active,True,Small shire,shire,TOWONG SHIRE,Towong,TOWONG,TOWONG,367,26670,26670,Towong,6675.1725,10312291070.541178,675289.1378711588,code,VIC,1,Tallangatta,"32 Towong St, Tallangatta VIC 3700",-36.2156173,147.1769576,yes,,Ovens Murray,,unsubdivided,0,5,https://www.vec.vic.gov.au/electoral-boundaries/local-councils/towong-shire-council,2024-25,Small Shire,5099.2464325797655,43614.87894821228,6.579113924050633,2661.3756613756614,1772.6471059804394,5,0.26666666666666666,1875.4119973632169,47,0.9647058823529412,46848,47,-0.034141900240619104,1.543421052631579,42,0.3480848019769786,0.003023764444089169,24-25,27,27,0,1.0,2023-24,Country,C34,436036.15,1000.769071,39,33,0,968.3370011,36,33,0,5088.390870016667,5088.390870016667,1.965257830117765,85.69234580019042,3363,80,0.023788284269997028,True,True,True,True,True
WANGARATTA,Wangaratta,Wangaratta Rural City Council,active,True,Regional,rural_city,WANGARATTA RURAL CITY,Wangaratta,WANGARATTA,WANGARATTA,368,26700,26700,Wangaratta,3645.1096,5665060325.613522,510318.452339302,code,VIC,1,Wangaratta,"62 Ovens St, Wangaratta VIC 3677",-36.3548233,146.32376,yes,,Ovens Murray,,single-councillor wards,7,7,https://www.vec.vic.gov.au/electoral-boundaries/local-councils/wangaratta-rural-city-council,2024-25,Regional City,2962.0139878683417,24245.682654380325,15.647821576763485,1908.7805363121083,817.196459942325,4,0.16223067173637515,1961.8880271449343,49,0.989010989010989,51017.229999999996,50,-0.0727095937770095,0.6289272572884235,42,0.5039253817343705,0.003658950495957365,24-25,27,27,0,1.0,2023-24,Country,C9,10559115.950000001,988.3513064,30,26,0,956.582454,27,24,0,24077.06868409762,6019.267171024405,6.396127453077943,438.55487927291034,16126,564,0.034974575220141385,True,True,True,True,True
WARRNAMBOOL,Warrnambool,Warrnambool City Council,active,True,Regional,city,WARRNAMBOOL CITY,Warrnambool,WARRNAMBOOL,WARRNAMBOOL,369,26730,26730,Warrnambool,120.9487,197078874.9932008,88508.6090896536,code,VIC,1,Warrnambool,"25 Liebig St, Warrnambool VIC 3280",-38.385867,142.4815074,yes,,Great South Coast,,single-councillor wards,7,7,https://www.vec.vic.gov.au/electoral-boundaries/local-councils/warrnambool-city-council,2024-25,Regional City,2896.8741355463344,18650.262793914248,94.63350785340315,2120.442600276625,534.0525587828491,5,0.1206140350877193,2161.5352172079292,51,0.974025974025974,53749.28571428572,51,-0.04096380751682389,0.7392278360343184,52,0.48423971928708465,0.004243820304199548,24-25,27,26,1,0.963,2023-24,Country,C16,23211597.749999996,994.9477931,37,31,0,961.073322,31,28,0,28729.804125798622,3591.225515724828,8.144851909723744,807.9274626573796,19868,395,0.019881216025770084,True,True,True,True,True
WELLINGTON,Wellington,Wellington Shire Council,active,True,Large shire,shire,WELLINGTON SHIRE,Wellington,WELLINGTON,WELLINGTON,370,26810,26810,Wellington,10817.4231,17400748399.02572,1494339.5662227548,code,VIC,1,Sale,"18 Desailly St, Sale VIC 3850",-38.1112493,147.0645283,yes,,Gippsland,,multi-councillor wards,3,9,https://www.vec.vic.gov.au/electoral-boundaries/local-councils/wellington-shire-council,2024-25,Large Shire,2529.1513549523993,26746.373541357745,14.919204873356845,2010.7235725184278,649.0017836803988,3,0.10256410256410256,1960.0650246909793,52,1,53878.334444444445,55,0.08221100981821869,1.0490936342298012,51,0.56781901412295,0.003764124643539795,24-25,27,26,1,0.963,2023-24,Country,C12,26291861.26,972.9694388,22,19,0,942.6792544,21,19,0,37383.910006745355,5340.558572392193,8.479583862223139,703.2935093000181,23313,899,0.03856217561017458,True,True,True,True,True
WEST WIMMERA,West Wimmera,West Wimmera Shire Council,active,True,Small shire,shire,WEST WIMMERA SHIRE,West Wimmera,WEST WIMMERA,WEST WIMMERA,371,26890,26890,West Wimmera,9108.6794,14189443518.963036,771978.8281108787,code,VIC,1,Edenhope,"49 Elizabeth St, Edenhope VIC 3318",-37.0353778,141.2971235,yes,,Wimmera Southern Mallee,,unsubdivided,0,5,https://www.vec.vic.gov.au/electoral-boundaries/local-councils/west-wimmera-shire-council,2024-25,Small Shire,8371.070789675441,66850.49833887044,1.4223918575063612,3299.003322259136,3979.810886787631,5,0.17248814144027597,1708.7439714824911,56,0.9739130434782609,48205.6,56,-0.11248471675044151,0.6081655274339552,51,0.3049517728569488,0.0014357211384713783,24-25,27,25,2,0.9259,2023-24,Country,C39,0,991.0072971,33,28,0,971.1690792,39,36,0,3164.891613415179,0,0,0,2188,64,0.029250457038391225,True,True,True,True,True
WHITEHORSE,Whitehorse,Whitehorse City Council,active,True,Metropolitan,city,WHITEHORSE CITY,Whitehorse,WHITEHORSE,WHITEHORSE,372,26980,26980,Whitehorse,64.2801,103211183.01437244,49435.65420529649,code,VIC,1,Nunawading,"379–397 Whitehorse Rd, Nunawading VIC 3131",-37.81739035,145.18135846445932,yes,Eastern,,,single-councillor wards,11,11,https://www.vec.vic.gov.au/electoral-boundaries/local-councils/whitehorse-city-council,2024-25,Metro,1245.075274443754,7571.142797963611,286.36406206099963,1203.4263226172177,97.19723975537168,9,0.17114568599717114,1515.83470176435,55,0.987012987012987,55388.72727272727,56,0.04405105670642394,0.9414448669201521,60,0.6256706423938062,0.0016784931589929697,24-25,27,27,0,1.0,2023-24,Metro,M13,59662331.37,1042.697471,67,0,21,1067.255885,70,0,22,144757.72919114627,24126.288198524377,2.9773885125738833,412.15299316569474,99397,4236,0.04261698039176233,True,True,True,True,True
WHITTLESEA,Whittlesea,Whittlesea City Council,active,True,Interface,city,WHITTLESEA CITY,Whittlesea,WHITTLESEA,WHITTLESEA,373,27070,27070,Whittlesea,489.6938,780363055.8443137,175001.70761965116,code,VIC,1,South Morang,"25 Ferres Blvd, South Morang VIC 3752",-37.6452683,145.06720371017627,yes,Northern,,,single-councillor wards,11,11,https://www.vec.vic.gov.au/electoral-boundaries/local-councils/whittlesea-city-council,2024-25,Interface,1233.989423113379,13993.95349204594,166.35175087050786,1130.3178464795183,182.64579548506345,4,0.12774782248029865,1898.7273511647973,47,0.9206349206349206,67084.59000000001,43,0.06611722546555905,0.5784239594976659,51,0.6645982881820998,0.0027205195341245495,24-25,27,27,0,1.0,2023-24,Metro,M26,139026831.82000002,989.6036133,31,0,5,980.8227931,41,0,5,189810.877672327,18981.0877672327,3.6299289505917023,732.4492332836891,135924,6849,0.05038845237044231,True,True,True,True,True
WODONGA,Wodonga,Wodonga City Council,active,True,Regional,city,WODONGA CITY,Wodonga,WODONGA,WODONGA,374,27170,27170,Wodonga,433.0021,665469084.323511,191473.23633968525,code,VIC,1,Wodonga,"104 Hovell St, Wodonga VIC 3690",-36.1228361,146.8895702,yes,,Ovens Murray,,single-councillor wards,7,7,https://www.vec.vic.gov.au/electoral-boundaries/local-councils/wodonga-city-council,2024-25,Regional City,1727.5120471176156,15253.056398358023,77.89598807161204,1438.0688916651793,427.5388184900946,3,0.141287284144427,2187.745483110762,54,0.9821428571428571,57692.42857142857,55,0.07959110899797932,0.8669940658890936,52,0.6567930583620587,0.004479929742871037,24-25,27,26,1,0.963,2023-24,Country,C15,10782766.810000002,973.0740152,23,20,0,947.0115984,23,21,0,34603.878015679344,11534.626005226448,4.334774268133577,311.6057340484852,23956,953,0.039781265653698446,True,True,True,True,True
WYNDHAM,Wyndham,Wyndham City Council,active,True,Interface,city,WYNDHAM CITY,Wyndham,WYNDHAM,WYNDHAM,375,27260,27260,Wyndham,542.0943,871751839.2278287,156758.76421886525,code,VIC,1,Werribee,"45 Princes Hwy, Werribee VIC 3030",-37.8965087,144.6711485,yes,Western,,,single-councillor wards,11,11,https://www.vec.vic.gov.au/electoral-boundaries/local-councils/wyndham-city-council,2024-25,Interface,1540.0679325477954,15542.2036128412,181.04746862643975,1304.1935422496133,233.80817212596702,6,0.07478260869565218,1996.5235119681683,75,0.951048951048951,86434.44636363637,71,0.006305743263790872,0.6672724312196433,73,0.5798370590800136,0.003102907528391841,24-25,27,27,0,1.0,2023-24,Metro,M30,125213060.91000001,1005.516265,44,0,8,1004.37918,54,0,9,238883.40555107995,18375.646580852303,3.738225340265637,524.1597281366032,183269,8035,0.043842657514364135,True,True,True,True,True
YARRA,Yarra,Yarra City Council,missing,False,Metropolitan,city,YARRA CITY,Yarra,YARRA,YARRA,376,27350,27350,Yarra,19.5421,31354032.047846343,51291.8962366687,code,VIC,1,Richmond,"333 Bridge Rd, Richmond VIC 3121",-37.8184163,145.0008425574423,yes,Inner Metropolitan,,,single-councillor wards,9,9,https://www.vec.vic.gov.au/electoral-boundaries/local-councils/yarra-city-council,2024-25,Metro,2213.931680038925,11338.512213373579,314.70625,2222.3876368836018,200.73861547474826,9,0.16942675159235668,1937.093725671307,50,0.9236111111111112,61622.340000000004,49,0.0954075548595324,0.9786632876296059,59,0.5705534662805715,0.0020648543998227657,24-25,27,25,2,0.9259,2023-24,Metro,M4,29842339.2,1045.741429,69,0,23,1107.861254,77,0,28,88438.08394493589,12634.0119921337,3.2565155999910305,337.43764980911055,67799,3272,0.04826029882446644,True,True,True,True,True
YARRA RANGES,Yarra Ranges,Yarra Ranges Shire Council,active,True,Interface,shire,YARRA RANGES SHIRE,Yarra Ranges,YARRA RANGES,YARRA RANGES,377,27450,27450,Yarra Ranges,2468.2052,3950906143.0110946,453302.09982171946,code,VIC,1,Lilydale,"15 Anderson St, Lilydale VIC 3140",-37.7596957,145.3535371,yes,Eastern,,,single-councillor wards,9,9,https://www.vec.vic.gov.au/electoral-boundaries/local-councils/yarra-ranges-shire-council,2024-25,Interface,1558.4031173307856,7064.382372593466,91.27111688666986,1228.8228204599811,239.97577074629848,8,0.11988304093567251,2161.33102497139,46,0.8835978835978836,56303.88888888889,46,-0.022313619623859637,1.2266827648656806,41,0.7483931490182745,0.0031389996918920883,24-25,27,26,1,0.963,2023-24,Metro,M25,30596818.289999995,1041.249719,64,0,18,1014.133403,55,0,10,125712.88016637738,13968.097796264154,3.5954947448645758,243.38650303378608,90152,3519,0.03903407578312184,True,True,True,True,True
YARRIAMBIACK,Yarriambiack,Yarriambiack Shire Council,active,True,Small shire,shire,YARRIAMBIACK SHIRE,Yarriambiack,YARRIAMBIACK,YARRIAMBIACK,378,27630,27630,Yarriambiack,7325.797,11214221269.442915,682430.6047693742,code,VIC,1,,,,,missing,,Wimmera Southern Mallee,,multi-councillor wards,3,6,https://www.vec.vic.gov.au/electoral-boundaries/local-councils/yarriambiack-shire-council,2024-25,Small Shire,5483.121615276256,34456.26169979653,1.3054190111016806,2689.454985130693,2207.139458444201,2,0.14728816496274474,1794.8963289529463,57,1,91708.245,56,-0.10055127397147516,0.6581350391847186,35,0.47233438667392297,0.002288156025605632,24-25,27,26,1,0.963,2023-24,Country,C40,0,945.9260556,10,7,0,923.0242366,9,8,0,5183.613840300105,0,0,0,3181,130,0.04086765168186105,True,True,True,True,True
